{
  "name": "Traditional Chinese (Taiwan standard) to Simplified Chinese (with phrases)",
  "segmentation": {
    "type": "mmseg",
    "dict": {
      "type": "ocd",
      "file": "TSPhrases.ocd"
    }
  },
  "conversion_chain": [{
    "dict": {
      "type": "group",
      "dicts": [{
        "type": "ocd",
        "file": "TWPhrasesRev.ocd"
      }, {
        "type": "ocd",
        "file": "TWVariantsRevPhrases.ocd"
      }, {
        "type": "ocd",
        "file": "TWVariantsRev.ocd"
      }] 
    }
  }, {
    "dict": {
      "type": "group",
      "dicts": [{
        "type": "ocd",
        "file": "TSPhrases.ocd"
      }, {
        "type": "ocd",
        "file": "TSCharacters.ocd"
      }]
    }
  }]
}
