[
    {
        "url":"https://up.imgupio.com/demo/birds.m3u8"
    },
    {
        "url":"https://meinv.jingyu-zuida.com/20200212/12629_bf2d8745/1000k/hls/index.m3u8"
    },
    {
        "url":"https://wuji.zhulong-zuida.com/20191010/10591_98f58691/index.m3u8"
    },
    {
        "url":"https://bili.meijuzuida.com/20190930/21540_d9337bc4/1000k/hls/index.m3u8"
    },
    {
        "url":"https://feifei.feifeizuida.com/20191016/20204_67d46963/index.m3u8"
    },
    {
        "url":"https://hong.tianzhen-zuida.com/20200207/19878_79d0a7ec/1000k/hls/index.m3u8"
    },
    {
        "url":"https://mei.huazuida.com/20191204/18116_52ce487c/1000k/hls/index.m3u8"
    },
    {
        "url":"https://xigua-cdn.haima-zuida.com/20200213/2700_a7834d4b/1000k/hls/index.m3u8"
    },
    {
        "url":"https://bili.meijuzuida.com/20191115/21894_b91baed6/index.m3u8"
    },
    {
        "url":"https://hong.tianzhen-zuida.com/20191226/17002_df07040b/index.m3u8"
    },
    {
        "url":"https://meng.wuyou-zuida.com/20200108/25178_8e7b2fe1/index.m3u8"
    }
]
