{
    "trailers":[
        {
            "id":75289,
            "movieName":"《速度与激情:特别行动》曝全新中文预告",
            "coverImg":"http://img5.mtime.cn/mg/2019/06/29/002009.16684021_120X90X4.jpg",
            "movieId":254114,
            "url":"http://vfx.mtime.cn/Video/2019/06/29/mp4/190629004821240734.mp4",
            "hightUrl":"http://vfx.mtime.cn/Video/2019/06/29/mp4/190629004821240734.mp4",
            "videoTitle":"速度与激情：特别行动 中文预告",
            "videoLength":146,
            "rating":-1,
            "type":[
                "动作",
                "冒险"
            ],
            "summary":""
        },
        {
            "id":75272,
            "movieName":"《决战中途岛》预告再现海空激战",
            "coverImg":"http://img5.mtime.cn/mg/2019/06/27/231348.59732586_120X90X4.jpg",
            "movieId":233842,
            "url":"http://vfx.mtime.cn/Video/2019/06/27/mp4/190627231412433967.mp4",
            "hightUrl":"http://vfx.mtime.cn/Video/2019/06/27/mp4/190627231412433967.mp4",
            "videoTitle":"决战中途岛 预告片",
            "videoLength":120,
            "rating":-1,
            "type":[
                "动作",
                "剧情",
                "历史",
                "战争"
            ],
            "summary":""
        },
        {
            "id":75270,
            "movieName":"小K领衔新版《霹雳娇娃》帅酷预告",
            "coverImg":"http://img5.mtime.cn/mg/2019/06/27/224744.68512147_120X90X4.jpg",
            "movieId":228417,
            "url":"http://vfx.mtime.cn/Video/2019/06/28/mp4/190628075308350550.mp4",
            "hightUrl":"http://vfx.mtime.cn/Video/2019/06/28/mp4/190628075308350550.mp4",
            "videoTitle":"霹雳娇娃 首款预告片",
            "videoLength":157,
            "rating":0,
            "type":[
                "动作",
                "冒险",
                "喜剧"
            ],
            "summary":""
        },
        {
            "id":75271,
            "movieName":"郑秀文《花椒之味》预告刘德华客串",
            "coverImg":"http://img5.mtime.cn/mg/2019/06/27/225551.29349352_120X90X4.jpg",
            "movieId":255909,
            "url":"http://vfx.mtime.cn/Video/2019/06/27/mp4/190627225613276924.mp4",
            "hightUrl":"http://vfx.mtime.cn/Video/2019/06/27/mp4/190627225613276924.mp4",
            "videoTitle":"花椒之味  知味版定档预告片",
            "videoLength":116,
            "rating":-1,
            "type":[
                "剧情",
                "爱情"
            ],
            "summary":""
        },
        {
            "id":75259,
            "movieName":"张晋《九龙不败》终极预告现飞龙出海",
            "coverImg":"http://img5.mtime.cn/mg/2019/06/27/104144.36321374_120X90X4.jpg",
            "movieId":234318,
            "url":"http://vfx.mtime.cn/Video/2019/06/27/mp4/190627104751316049.mp4",
            "hightUrl":"http://vfx.mtime.cn/Video/2019/06/27/mp4/190627104751316049.mp4",
            "videoTitle":"九龙不败 终极版预告",
            "videoLength":102,
            "rating":-1,
            "type":[
                "犯罪",
                "动作",
                "剧情"
            ],
            "summary":""
        },
        {
            "id":75258,
            "movieName":"伊恩麦克莱恩、海伦米伦《优秀的骗子》预告",
            "coverImg":"http://img5.mtime.cn/mg/2019/06/27/104649.48931556_120X90X4.jpg",
            "movieId":255301,
            "url":"http://vfx.mtime.cn/Video/2019/06/27/mp4/190627104816316366.mp4",
            "hightUrl":"http://vfx.mtime.cn/Video/2019/06/27/mp4/190627104816316366.mp4",
            "videoTitle":"优秀的骗子 中文预告片",
            "videoLength":134,
            "rating":0,
            "type":[
                "剧情"
            ],
            "summary":""
        },
        {
            "id":75245,
            "movieName":"《烈火英雄》"留言"预告生死告别",
            "coverImg":"http://img5.mtime.cn/mg/2019/06/26/110121.18314261_120X90X4.jpg",
            "movieId":261999,
            "url":"http://vfx.mtime.cn/Video/2019/06/26/mp4/190626111517361726.mp4",
            "hightUrl":"http://vfx.mtime.cn/Video/2019/06/26/mp4/190626111517361726.mp4",
            "videoTitle":"烈火英雄 留言版预告",
            "videoLength":85,
            "rating":-1,
            "type":[
                "灾难",
                "动作"
            ],
            "summary":""
        },
        {
            "id":75202,
            "movieName":"《铤而走险》大鹏欧豪雨夜亡命追击",
            "coverImg":"http://img5.mtime.cn/mg/2019/06/21/175640.99146689_120X90X4.jpg",
            "movieId":255974,
            "url":"http://vfx.mtime.cn/Video/2019/06/21/mp4/190621175731672800.mp4",
            "hightUrl":"http://vfx.mtime.cn/Video/2019/06/21/mp4/190621175731672800.mp4",
            "videoTitle":"铤而走险 “追击”版预告",
            "videoLength":79,
            "rating":-1,
            "type":[
                "剧情",
                "犯罪"
            ],
            "summary":""
        },
        {
            "id":75223,
            "movieName":"《星球大战9》日版预告",
            "coverImg":"http://img5.mtime.cn/mg/2019/06/25/090951.50753900_120X90X4.jpg",
            "movieId":211982,
            "url":"http://vfx.mtime.cn/Video/2019/06/25/mp4/190625091024931282.mp4",
            "hightUrl":"http://vfx.mtime.cn/Video/2019/06/25/mp4/190625091024931282.mp4",
            "videoTitle":"星球大战9 日版预告",
            "videoLength":166,
            "rating":-1,
            "type":[
                "动作",
                "冒险",
                "奇幻",
                "科幻"
            ],
            "summary":""
        },
        {
            "id":75167,
            "movieName":"韩国抗日战争片"凤梧桐战斗"预告",
            "coverImg":"http://img5.mtime.cn/mg/2019/06/19/225922.48993660_120X90X4.jpg",
            "movieId":259730,
            "url":"http://vfx.mtime.cn/Video/2019/06/19/mp4/190619225944747983.mp4",
            "hightUrl":"http://vfx.mtime.cn/Video/2019/06/19/mp4/190619225944747983.mp4",
            "videoTitle":"战斗 预告片",
            "videoLength":120,
            "rating":0,
            "type":[
                "战争"
            ],
            "summary":""
        },
        {
            "id":75154,
            "movieName":"恐怖喜剧片《准备好了没》发红标预告",
            "coverImg":"http://img5.mtime.cn/mg/2019/06/18/231051.97747383_120X90X4.jpg",
            "movieId":264029,
            "url":"http://vfx.mtime.cn/Video/2019/06/18/mp4/190618231303510938.mp4",
            "hightUrl":"http://vfx.mtime.cn/Video/2019/06/18/mp4/190618231303510938.mp4",
            "videoTitle":"准备好了没 预告片",
            "videoLength":120,
            "rating":0,
            "type":[
                "喜剧",
                "恐怖",
                "悬疑",
                "惊悚"
            ],
            "summary":""
        },
        {
            "id":75141,
            "movieName":"成龙杨洋反恐大片《急先锋》预告",
            "coverImg":"http://img5.mtime.cn/mg/2019/06/18/104736.17977742_120X90X4.jpg",
            "movieId":264181,
            "url":"http://vfx.mtime.cn/Video/2019/06/19/mp4/190619100120605977.mp4",
            "hightUrl":"http://vfx.mtime.cn/Video/2019/06/19/mp4/190619100120605977.mp4",
            "videoTitle":"急先锋 先导预告片",
            "videoLength":59,
            "rating":0,
            "type":[
                "动作",
                "冒险"
            ],
            "summary":""
        },
        {
            "id":75138,
            "movieName":"网游改编冒险电影《征途》定档预告",
            "coverImg":"http://img5.mtime.cn/mg/2019/06/18/083638.79639825_120X90X4.jpg",
            "movieId":234915,
            "url":"http://vfx.mtime.cn/Video/2019/06/18/mp4/190618083737248033.mp4",
            "hightUrl":"http://vfx.mtime.cn/Video/2019/06/18/mp4/190618083737248033.mp4",
            "videoTitle":"征途  先导预告",
            "videoLength":56,
            "rating":-1,
            "type":[
                "动作",
                "战争"
            ],
            "summary":""
        },
        {
            "id":75137,
            "movieName":"限制级超英剧集《黑袍纠察队》预告",
            "coverImg":"http://img5.mtime.cn/mg/2019/06/18/080407.34376988_120X90X4.jpg",
            "movieId":83202,
            "url":"http://vfx.mtime.cn/Video/2019/06/18/mp4/190618080431698491.mp4",
            "hightUrl":"http://vfx.mtime.cn/Video/2019/06/18/mp4/190618080431698491.mp4",
            "videoTitle":"黑袍纠察队 正式预告",
            "videoLength":148,
            "rating":-1,
            "type":[
                "动作",
                "剧情"
            ],
            "summary":""
        },
        {
            "id":75127,
            "movieName":"钟汉良战争大片《解放了》预告",
            "coverImg":"http://img5.mtime.cn/mg/2019/06/17/102114.71512975_120X90X4.jpg",
            "movieId":263059,
            "url":"http://vfx.mtime.cn/Video/2019/06/17/mp4/190617102304174102.mp4",
            "hightUrl":"http://vfx.mtime.cn/Video/2019/06/17/mp4/190617102304174102.mp4",
            "videoTitle":"解放了 首支预告",
            "videoLength":71,
            "rating":-1,
            "type":[
                "战争",
                "剧情"
            ],
            "summary":""
        },
        {
            "id":75121,
            "movieName":"震撼！《攀登者》首曝"点将"版预告",
            "coverImg":"http://img5.mtime.cn/mg/2019/06/16/155142.11248460_120X90X4.jpg",
            "movieId":263126,
            "url":"http://vfx.mtime.cn/Video/2019/06/16/mp4/190616155507259516.mp4",
            "hightUrl":"http://vfx.mtime.cn/Video/2019/06/16/mp4/190616155507259516.mp4",
            "videoTitle":"攀登者 “点将”版预告片",
            "videoLength":61,
            "rating":-1,
            "type":[
                "冒险",
                "剧情"
            ],
            "summary":""
        },
        {
            "id":75126,
            "movieName":"昆凌灾难大片《天火》预告天崩地裂",
            "coverImg":"http://img5.mtime.cn/mg/2019/06/20/223534.68456165_120X90X4.jpg",
            "movieId":261210,
            "url":"http://vfx.mtime.cn/Video/2019/06/17/mp4/190617093616424985.mp4",
            "hightUrl":"http://vfx.mtime.cn/Video/2019/06/17/mp4/190617093616424985.mp4",
            "videoTitle":"天火 先导预告",
            "videoLength":30,
            "rating":-1,
            "type":[
                "动作",
                "灾难"
            ],
            "summary":""
        },
        {
            "id":75113,
            "movieName":"林超贤彭于晏《紧急救援》定档春节预告",
            "coverImg":"http://img5.mtime.cn/mg/2019/06/14/235115.62560706_120X90X4.jpg",
            "movieId":256124,
            "url":"http://vfx.mtime.cn/Video/2019/06/14/mp4/190614235217872215.mp4",
            "hightUrl":"http://vfx.mtime.cn/Video/2019/06/14/mp4/190614235217872215.mp4",
            "videoTitle":"紧急救援 定档预告",
            "videoLength":69,
            "rating":-1,
            "type":[
                "动作",
                "剧情"
            ],
            "summary":""
        },
        {
            "id":75114,
            "movieName":"迪士尼《狮子王》中国定档预告片",
            "coverImg":"http://img5.mtime.cn/mg/2019/06/15/103753.65527244_120X90X4.jpg",
            "movieId":237095,
            "url":"http://vfx.mtime.cn/Video/2019/06/15/mp4/190615103827358781.mp4",
            "hightUrl":"http://vfx.mtime.cn/Video/2019/06/15/mp4/190615103827358781.mp4",
            "videoTitle":"狮子王 中国定档预告片",
            "videoLength":61,
            "rating":-1,
            "type":[
                "动画",
                "冒险",
                "家庭",
                "歌舞",
                "剧情"
            ],
            "summary":""
        },
        {
            "id":75100,
            "movieName":"《闪灵》续集《睡眠医生》中字预告",
            "coverImg":"http://img5.mtime.cn/mg/2019/06/14/072221.53413572_120X90X4.jpg",
            "movieId":254385,
            "url":"http://vfx.mtime.cn/Video/2019/06/14/mp4/190614072243066963.mp4",
            "hightUrl":"http://vfx.mtime.cn/Video/2019/06/14/mp4/190614072243066963.mp4",
            "videoTitle":"睡眠医生 先导中字预告",
            "videoLength":161,
            "rating":-1,
            "type":[
                "恐怖"
            ],
            "summary":""
        },
        {
            "id":75101,
            "movieName":"汤唯雷佳音《吹哨人》定档预告",
            "coverImg":"http://img5.mtime.cn/mg/2019/06/14/090801.15262949_120X90X4.jpg",
            "movieId":258583,
            "url":"http://vfx.mtime.cn/Video/2019/06/14/mp4/190614090849863188.mp4",
            "hightUrl":"http://vfx.mtime.cn/Video/2019/06/14/mp4/190614090849863188.mp4",
            "videoTitle":"吹哨人 定档预告",
            "videoLength":63,
            "rating":0,
            "type":[
                "动作",
                "悬疑",
                "犯罪"
            ],
            "summary":""
        },
        {
            "id":75086,
            "movieName":"中国科幻《上海堡垒》新预告外星母舰入侵",
            "coverImg":"http://img5.mtime.cn/mg/2019/06/12/205329.35792320_120X90X4.jpg",
            "movieId":234743,
            "url":"http://vfx.mtime.cn/Video/2019/06/12/mp4/190612205428644400.mp4",
            "hightUrl":"http://vfx.mtime.cn/Video/2019/06/12/mp4/190612205428644400.mp4",
            "videoTitle":"上海堡垒 正式版预告片",
            "videoLength":79,
            "rating":-1,
            "type":[
                "爱情",
                "科幻",
                "战争"
            ],
            "summary":""
        },
        {
            "id":75071,
            "movieName":"魔幻再起！《冰雪奇缘2》曝正式预告",
            "coverImg":"http://img5.mtime.cn/mg/2019/06/11/202131.80341046_120X90X4.jpg",
            "movieId":222095,
            "url":"http://vfx.mtime.cn/Video/2019/06/11/mp4/190611221730282660.mp4",
            "hightUrl":"http://vfx.mtime.cn/Video/2019/06/11/mp4/190611221730282660.mp4",
            "videoTitle":"冰雪奇缘2 正式中文预告",
            "videoLength":79,
            "rating":-1,
            "type":[
                "动画",
                "冒险",
                "喜剧",
                "家庭",
                "奇幻",
                "歌舞"
            ],
            "summary":""
        },
        {
            "id":75056,
            "movieName":"不是喜剧！邓超导演《银河补习班》发新预告",
            "coverImg":"http://img5.mtime.cn/mg/2019/06/11/000307.58997745_120X90X4.jpg",
            "movieId":260270,
            "url":"http://vfx.mtime.cn/Video/2019/06/11/mp4/190611000340681831.mp4",
            "hightUrl":"http://vfx.mtime.cn/Video/2019/06/11/mp4/190611000340681831.mp4",
            "videoTitle":"银河补习班 剧场版预告片",
            "videoLength":121,
            "rating":-1,
            "type":[
                "家庭",
                "剧情"
            ],
            "summary":""
        },
        {
            "id":75050,
            "movieName":"彭昱畅侯明昊《回到过去拥抱你》预告",
            "coverImg":"http://img5.mtime.cn/mg/2019/06/10/141934.94618257_120X90X4.jpg",
            "movieId":248067,
            "url":"http://vfx.mtime.cn/Video/2019/06/10/mp4/190610141939766739.mp4",
            "hightUrl":"http://vfx.mtime.cn/Video/2019/06/10/mp4/190610141939766739.mp4",
            "videoTitle":"回到过去拥抱你 先导预告",
            "videoLength":73,
            "rating":-1,
            "type":[
                "爱情",
                "青春",
                "奇幻"
            ],
            "summary":""
        },
        {
            "id":75043,
            "movieName":"黄晓明《烈火英雄》先导预告",
            "coverImg":"http://img5.mtime.cn/mg/2019/06/09/120712.64172464_120X90X4.jpg",
            "movieId":261999,
            "url":"http://vfx.mtime.cn/Video/2019/06/09/mp4/190609121040600417.mp4",
            "hightUrl":"http://vfx.mtime.cn/Video/2019/06/09/mp4/190609121040600417.mp4",
            "videoTitle":"烈火英雄 先导预告",
            "videoLength":30,
            "rating":-1,
            "type":[
                "灾难",
                "动作"
            ],
            "summary":""
        },
        {
            "id":75021,
            "movieName":"布拉德皮特科幻新作《星际探索》预告",
            "coverImg":"http://img5.mtime.cn/mg/2019/06/05/165003.81721110_120X90X4.jpg",
            "movieId":234206,
            "url":"http://vfx.mtime.cn/Video/2019/06/05/mp4/190605185204356232.mp4",
            "hightUrl":"http://vfx.mtime.cn/Video/2019/06/05/mp4/190605185204356232.mp4",
            "videoTitle":"星际探索 台版中字预告",
            "videoLength":152,
            "rating":0,
            "type":[
                "科幻",
                "惊悚"
            ],
            "summary":""
        },
        {
            "id":75017,
            "movieName":"《黑衣人：全球追缉》星际对决终极预告",
            "coverImg":"http://img5.mtime.cn/mg/2019/06/05/101656.54539982_120X90X4.jpg",
            "movieId":227321,
            "url":"http://vfx.mtime.cn/Video/2019/06/05/mp4/190605101703931259.mp4",
            "hightUrl":"http://vfx.mtime.cn/Video/2019/06/05/mp4/190605101703931259.mp4",
            "videoTitle":"黑衣人：全球追缉 星际对决终极预告",
            "videoLength":96,
            "rating":6.8,
            "type":[
                "动作",
                "冒险",
                "喜剧",
                "科幻"
            ],
            "summary":""
        },
        {
            "id":75000,
            "movieName":"奥兰多·布鲁姆新剧《狂欢命案》预告",
            "coverImg":"http://img5.mtime.cn/mg/2019/06/04/113447.92021734_120X90X4.jpg",
            "movieId":79740,
            "url":"http://vfx.mtime.cn/Video/2019/06/04/mp4/190604113459922687.mp4",
            "hightUrl":"http://vfx.mtime.cn/Video/2019/06/04/mp4/190604113459922687.mp4",
            "videoTitle":"狂欢命案 预告片",
            "videoLength":37,
            "rating":0,
            "type":[
                "奇幻",
                "悬疑",
                "惊悚"
            ],
            "summary":""
        },
        {
            "id":74995,
            "movieName":"苹果自制剧《为了全人类》先导预告",
            "coverImg":"http://img5.mtime.cn/mg/2019/06/04/101602.63029532_120X90X4.jpg",
            "movieId":264304,
            "url":"http://vfx.mtime.cn/Video/2019/06/04/mp4/190604101608504530.mp4",
            "hightUrl":"http://vfx.mtime.cn/Video/2019/06/04/mp4/190604101608504530.mp4",
            "videoTitle":"为了全人类 先导预告",
            "videoLength":123,
            "rating":0,
            "type":[
                "科幻"
            ],
            "summary":""
        },
        {
            "id":74983,
            "movieName":"贝尔达蒙《极速车王》首支预告 ",
            "coverImg":"http://img5.mtime.cn/mg/2019/06/03/104139.48815480_120X90X4.jpg",
            "movieId":209214,
            "url":"http://vfx.mtime.cn/Video/2019/06/03/mp4/190603112303698447.mp4",
            "hightUrl":"http://vfx.mtime.cn/Video/2019/06/03/mp4/190603112303698447.mp4",
            "videoTitle":"极速车王 首支预告",
            "videoLength":143,
            "rating":-1,
            "type":[
                "动作",
                "传记",
                "剧情",
                "运动"
            ],
            "summary":""
        },
        {
            "id":74981,
            "movieName":"梁家辉古天乐《追龙2》终极预告",
            "coverImg":"http://img5.mtime.cn/mg/2019/06/03/094124.34447533_120X90X4.jpg",
            "movieId":255723,
            "url":"http://vfx.mtime.cn/Video/2019/06/03/mp4/190603094128292311.mp4",
            "hightUrl":"http://vfx.mtime.cn/Video/2019/06/03/mp4/190603094128292311.mp4",
            "videoTitle":"追龙II 终极预告 粤语",
            "videoLength":90,
            "rating":6.5,
            "type":[
                "动作",
                "剧情",
                "犯罪"
            ],
            "summary":""
        },
        {
            "id":74976,
            "movieName":"  葛优赵薇新片《两只老虎》先导预告",
            "coverImg":"http://img5.mtime.cn/mg/2019/06/01/095106.94766905_120X90X4.jpg",
            "movieId":263488,
            "url":"http://vfx.mtime.cn/Video/2019/06/01/mp4/190601095606676601.mp4",
            "hightUrl":"http://vfx.mtime.cn/Video/2019/06/01/mp4/190601095606676601.mp4",
            "videoTitle":"两只老虎 先导预告",
            "videoLength":34,
            "rating":-1,
            "type":[
                "剧情"
            ],
            "summary":""
        },
        {
            "id":74975,
            "movieName":"《蜘蛛侠：英雄远征》定档预告",
            "coverImg":"http://img5.mtime.cn/mg/2019/05/31/164845.22030068_120X90X4.jpg",
            "movieId":238037,
            "url":"http://vfx.mtime.cn/Video/2019/05/31/mp4/190531170200490672.mp4",
            "hightUrl":"http://vfx.mtime.cn/Video/2019/05/31/mp4/190531170200490672.mp4",
            "videoTitle":"蜘蛛侠：英雄远征 内地定档预告",
            "videoLength":60,
            "rating":8.1,
            "type":[
                "动作",
                "冒险",
                "喜剧",
                "科幻"
            ],
            "summary":""
        },
        {
            "id":74951,
            "movieName":"史泰龙《第一滴血5》首款预告片",
            "coverImg":"http://img5.mtime.cn/mg/2019/05/30/225810.33511868_120X90X4.jpg",
            "movieId":113761,
            "url":"http://vfx.mtime.cn/Video/2019/05/30/mp4/190530225814072789.mp4",
            "hightUrl":"http://vfx.mtime.cn/Video/2019/05/30/mp4/190530225814072789.mp4",
            "videoTitle":"第一滴血5 先导预告",
            "videoLength":119,
            "rating":-1,
            "type":[
                "动作",
                "冒险",
                "惊悚"
            ],
            "summary":""
        },
        {
            "id":74969,
            "movieName":"胡歌桂纶镁《南方车站的聚会》先导预告",
            "coverImg":"http://img5.mtime.cn/mg/2019/05/31/121158.51542656_120X90X4.jpg",
            "movieId":254368,
            "url":"http://vfx.mtime.cn/Video/2019/05/31/mp4/190531132437340992.mp4",
            "hightUrl":"http://vfx.mtime.cn/Video/2019/05/31/mp4/190531132437340992.mp4",
            "videoTitle":"南方车站的聚会 先导预告片",
            "videoLength":65,
            "rating":-1,
            "type":[
                "剧情",
                "文艺"
            ],
            "summary":""
        },
        {
            "id":74961,
            "movieName":"皮克斯新动画《觅法奇程》中文预告",
            "coverImg":"http://img5.mtime.cn/mg/2019/05/31/103215.28198732_120X90X4.jpg",
            "movieId":262425,
            "url":"http://vfx.mtime.cn/Video/2019/05/31/mp4/190531112950074767.mp4",
            "hightUrl":"http://vfx.mtime.cn/Video/2019/05/31/mp4/190531112950074767.mp4",
            "videoTitle":"向前 中文先导预告",
            "videoLength":106,
            "rating":0,
            "type":[
                "动画",
                "冒险",
                "喜剧",
                "剧情",
                "家庭",
                "奇幻"
            ],
            "summary":""
        },
        {
            "id":74938,
            "movieName":"国漫《哪吒之魔童降世》定档预告片",
            "coverImg":"http://img5.mtime.cn/mg/2019/05/30/103742.28933343_120X90X4.jpg",
            "movieId":251525,
            "url":"http://vfx.mtime.cn/Video/2019/05/30/mp4/190530103807409887.mp4",
            "hightUrl":"http://vfx.mtime.cn/Video/2019/05/30/mp4/190530103807409887.mp4",
            "videoTitle":"哪吒之魔童降世 定档预告",
            "videoLength":73,
            "rating":-1,
            "type":[
                "动画"
            ],
            "summary":""
        },
        {
            "id":74930,
            "movieName":"俄票房冠军《绝杀慕尼黑》终极预告",
            "coverImg":"http://img5.mtime.cn/mg/2019/05/29/203955.97798360_120X90X4.jpg",
            "movieId":254801,
            "url":"http://vfx.mtime.cn/Video/2019/05/29/mp4/190529204041895793.mp4",
            "hightUrl":"http://vfx.mtime.cn/Video/2019/05/29/mp4/190529204041895793.mp4",
            "videoTitle":"绝杀慕尼黑 终极预告",
            "videoLength":105,
            "rating":8.2,
            "type":[
                "剧情",
                "运动"
            ],
            "summary":""
        },
        {
            "id":74932,
            "movieName":"妮可基德曼"金翅雀"中文预告片",
            "coverImg":"http://img5.mtime.cn/mg/2019/05/30/003051.47084084_120X90X4.jpg",
            "movieId":254392,
            "url":"http://vfx.mtime.cn/Video/2019/05/30/mp4/190530003006176048.mp4",
            "hightUrl":"http://vfx.mtime.cn/Video/2019/05/30/mp4/190530003006176048.mp4",
            "videoTitle":"金翅雀 中文先导预告片",
            "videoLength":140,
            "rating":0,
            "type":[
                "剧情"
            ],
            "summary":""
        },
        {
            "id":74934,
            "movieName":"《扫毒2》双雄对峙版预告",
            "coverImg":"http://img5.mtime.cn/mg/2019/06/19/180514.41010657_120X90X4.jpg",
            "movieId":255471,
            "url":"http://vfx.mtime.cn/Video/2019/06/27/mp4/190627114506535488.mp4",
            "hightUrl":"http://vfx.mtime.cn/Video/2019/06/27/mp4/190627114506535488.mp4",
            "videoTitle":"扫毒2  双雄对峙版预告",
            "videoLength":83,
            "rating":-1,
            "type":[
                "动作",
                "剧情",
                "犯罪"
            ],
            "summary":""
        },
        {
            "id":74933,
            "movieName":"恐怖片"织物"美艳柜姐推销杀人红裙",
            "coverImg":"http://img5.mtime.cn/mg/2019/05/30/084633.62186237_120X90X4.jpg",
            "movieId":259758,
            "url":"http://vfx.mtime.cn/Video/2019/05/30/mp4/190530084740613913.mp4",
            "hightUrl":"http://vfx.mtime.cn/Video/2019/05/30/mp4/190530084740613913.mp4",
            "videoTitle":"织物 预告片",
            "videoLength":120,
            "rating":0,
            "type":[
                "恐怖"
            ],
            "summary":""
        },
        {
            "id":74908,
            "movieName":"易烊千玺周冬雨《少年的你》小北版预告",
            "coverImg":"http://img5.mtime.cn/mg/2019/05/29/094744.18619316_120X90X4.jpg",
            "movieId":259039,
            "url":"http://vfx.mtime.cn/Video/2019/05/29/mp4/190529094835845962.mp4",
            "hightUrl":"http://vfx.mtime.cn/Video/2019/05/29/mp4/190529094835845962.mp4",
            "videoTitle":"少年的你  小北版预告",
            "videoLength":84,
            "rating":-1,
            "type":[
                "青春",
                "爱情"
            ],
            "summary":""
        },
        {
            "id":74892,
            "movieName":"《全职高手之巅峰荣耀》定档预告",
            "coverImg":"http://img5.mtime.cn/mg/2019/05/28/100813.54250412_120X90X4.jpg",
            "movieId":263683,
            "url":"http://vfx.mtime.cn/Video/2019/05/28/mp4/190528100830421740.mp4",
            "hightUrl":"http://vfx.mtime.cn/Video/2019/05/28/mp4/190528100830421740.mp4",
            "videoTitle":"全职高手之巅峰荣耀 定档预告",
            "videoLength":82,
            "rating":-1,
            "type":[
                "动画",
                "剧情"
            ],
            "summary":""
        },
        {
            "id":74868,
            "movieName":"《黑客帝国》曝光4K修复版重映预告",
            "coverImg":"http://img5.mtime.cn/mg/2019/05/24/170441.97220504_120X90X4.jpg",
            "movieId":10786,
            "url":"http://vfx.mtime.cn/Video/2019/05/24/mp4/190524170353907682.mp4",
            "hightUrl":"http://vfx.mtime.cn/Video/2019/05/24/mp4/190524170353907682.mp4",
            "videoTitle":"黑客帝国 4K修复重映版预告",
            "videoLength":131,
            "rating":8.7,
            "type":[
                "动作",
                "科幻"
            ],
            "summary":""
        },
        {
            "id":74889,
            "movieName":"《千与千寻》中国内地定档预告",
            "coverImg":"http://img5.mtime.cn/mg/2019/05/28/004938.55258124_120X90X4.jpg",
            "movieId":11550,
            "url":"http://vfx.mtime.cn/Video/2019/05/28/mp4/190528005132295518.mp4",
            "hightUrl":"http://vfx.mtime.cn/Video/2019/05/28/mp4/190528005132295518.mp4",
            "videoTitle":"千与千寻 中国内地定档预告",
            "videoLength":88,
            "rating":8.9,
            "type":[
                "动画",
                "冒险",
                "家庭",
                "奇幻"
            ],
            "summary":""
        },
        {
            "id":74855,
            "movieName":"阿诺施瓦辛格《终结者6》预告片",
            "coverImg":"http://img5.mtime.cn/mg/2019/05/23/211752.86735336_120X90X4.jpg",
            "movieId":251325,
            "url":"http://vfx.mtime.cn/Video/2019/05/24/mp4/190524105156675387.mp4",
            "hightUrl":"http://vfx.mtime.cn/Video/2019/05/24/mp4/190524105156675387.mp4",
            "videoTitle":"终结者6 中文预告片",
            "videoLength":144,
            "rating":-1,
            "type":[
                "动作",
                "冒险",
                "科幻"
            ],
            "summary":""
        },
        {
            "id":74859,
            "movieName":"《八佰》战火英雄预告",
            "coverImg":"http://img5.mtime.cn/mg/2019/05/24/093747.76754839_120X90X4.jpg",
            "movieId":232770,
            "url":"http://vfx.mtime.cn/Video/2019/05/24/mp4/190524093650003718.mp4",
            "hightUrl":"http://vfx.mtime.cn/Video/2019/05/24/mp4/190524093650003718.mp4",
            "videoTitle":"八佰 战火英雄预告",
            "videoLength":142,
            "rating":-1,
            "type":[
                "剧情",
                "战争",
                "历史"
            ],
            "summary":""
        },
        {
            "id":74862,
            "movieName":"《爱宠大机密2》乡村冒险预告",
            "coverImg":"http://img5.mtime.cn/mg/2019/05/24/102859.56156442_120X90X4.jpg",
            "movieId":236010,
            "url":"http://vfx.mtime.cn/Video/2019/05/24/mp4/190524102909878004.mp4",
            "hightUrl":"http://vfx.mtime.cn/Video/2019/05/24/mp4/190524102909878004.mp4",
            "videoTitle":"爱宠大机密2  乡村冒险预告",
            "videoLength":31,
            "rating":7.4,
            "type":[
                "动画",
                "冒险",
                "喜剧",
                "家庭"
            ],
            "summary":""
        },
        {
            "id":74838,
            "movieName":"《哥斯拉2：怪兽之王》终极预告",
            "coverImg":"http://img5.mtime.cn/mg/2019/05/23/092948.24252228_120X90X4.jpg",
            "movieId":213190,
            "url":"http://vfx.mtime.cn/Video/2019/05/23/mp4/190523092929709049.mp4",
            "hightUrl":"http://vfx.mtime.cn/Video/2019/05/23/mp4/190523092929709049.mp4",
            "videoTitle":"哥斯拉2：怪兽之王 终极预告",
            "videoLength":128,
            "rating":7.5,
            "type":[
                "动作",
                "冒险",
                "奇幻",
                "科幻"
            ],
            "summary":""
        }
    ]
}