{
  "G" : [
    {
      "name" : "赣州",
      "name_en" : "ganzhou",
      "code" : "CN101240701"
    },
    {
      "name" : "甘孜",
      "name_en" : "ganzi",
      "code" : "CN101271801"
    },
    {
      "name" : "高力板",
      "name_en" : "gaoliban",
      "code" : "CN101080510"
    },
    {
      "name" : "高雄",
      "name_en" : "gaoxiong",
      "code" : "CN101340201"
    },
    {
      "name" : "格尔木",
      "name_en" : "geermu",
      "code" : "CN101150901"
    },
    {
      "name" : "广安",
      "name_en" : "guangan",
      "code" : "CN101270801"
    },
    {
      "name" : "广元",
      "name_en" : "guangyuan",
      "code" : "CN101272101"
    },
    {
      "name" : "广州",
      "name_en" : "guangzhou",
      "code" : "CN101280101"
    },
    {
      "name" : "贵港",
      "name_en" : "guigang",
      "code" : "CN101300801"
    },
    {
      "name" : "桂林",
      "name_en" : "guilin",
      "code" : "CN101300501"
    },
    {
      "name" : "贵阳",
      "name_en" : "guiyang",
      "code" : "CN101260101"
    },
    {
      "name" : "果洛",
      "name_en" : "guoluo",
      "code" : "CN101150501"
    },
    {
      "name" : "固原",
      "name_en" : "guyuan",
      "code" : "CN101170401"
    }
  ],
  "H" : [
    {
      "name" : "哈尔滨",
      "name_en" : "haerbin",
      "code" : "CN101050101"
    },
    {
      "name" : "海北",
      "name_en" : "haibei",
      "code" : "CN101150801"
    },
    {
      "name" : "海东",
      "name_en" : "haidong",
      "code" : "CN101150201"
    },
    {
      "name" : "海口",
      "name_en" : "haikou",
      "code" : "CN101310101"
    },
    {
      "name" : "海拉尔",
      "name_en" : "hailaer",
      "code" : "CN101081001"
    },
    {
      "name" : "海南",
      "name_en" : "hainan",
      "code" : "CN101150401"
    },
    {
      "name" : "海西",
      "name_en" : "haixi",
      "code" : "CN101150701"
    },
    {
      "name" : "哈密",
      "name_en" : "hami",
      "code" : "CN101131201"
    },
    {
      "name" : "邯郸",
      "name_en" : "handan",
      "code" : "CN101091001"
    },
    {
      "name" : "杭州",
      "name_en" : "hangzhou",
      "code" : "CN101210101"
    },
    {
      "name" : "汉中",
      "name_en" : "hanzhong",
      "code" : "CN101110801"
    },
    {
      "name" : "鹤壁",
      "name_en" : "hebi",
      "code" : "CN101181201"
    },
    {
      "name" : "河池",
      "name_en" : "hechi",
      "code" : "CN101301201"
    },
    {
      "name" : "合肥",
      "name_en" : "hefei",
      "code" : "CN101220101"
    },
    {
      "name" : "鹤岗",
      "name_en" : "hegang",
      "code" : "CN101051201"
    },
    {
      "name" : "黑河",
      "name_en" : "heihe",
      "code" : "CN101050601"
    },
    {
      "name" : "衡水",
      "name_en" : "hengshui",
      "code" : "CN101090801"
    },
    {
      "name" : "衡阳",
      "name_en" : "hengyang",
      "code" : "CN101250401"
    },
    {
      "name" : "和田",
      "name_en" : "hetian",
      "code" : "CN101131301"
    },
    {
      "name" : "河源",
      "name_en" : "heyuan",
      "code" : "CN101281201"
    },
    {
      "name" : "菏泽",
      "name_en" : "heze",
      "code" : "CN101121001"
    },
    {
      "name" : "贺州",
      "name_en" : "hezhou",
      "code" : "CN101300701"
    },
    {
      "name" : "合作",
      "name_en" : "hezuo",
      "code" : "CN101161201"
    },
    {
      "name" : "红河",
      "name_en" : "honghe",
      "code" : "CN101290301"
    },
    {
      "name" : "香港",
      "name_en" : "hongkong",
      "code" : "CN101320101"
    },
    {
      "name" : "淮安",
      "name_en" : "huaian",
      "code" : "CN101190901"
    },
    {
      "name" : "淮北",
      "name_en" : "huaibei",
      "code" : "CN101221201"
    },
    {
      "name" : "怀化",
      "name_en" : "huaihua",
      "code" : "CN101251201"
    },
    {
      "name" : "淮南",
      "name_en" : "huainan",
      "code" : "CN101220401"
    },
    {
      "name" : "黄冈",
      "name_en" : "huanggang",
      "code" : "CN101200501"
    },
    {
      "name" : "黄南",
      "name_en" : "huangnan",
      "code" : "CN101150301"
    },
    {
      "name" : "黄山",
      "name_en" : "huangshan",
      "code" : "CN101221001"
    },
    {
      "name" : "黄石",
      "name_en" : "huangshi",
      "code" : "CN101200601"
    },
    {
      "name" : "呼和浩特",
      "name_en" : "huhehaote",
      "code" : "CN101080101"
    },
    {
      "name" : "惠州",
      "name_en" : "huizhou",
      "code" : "CN101280301"
    },
    {
      "name" : "葫芦岛",
      "name_en" : "huludao",
      "code" : "CN101071401"
    },
    {
      "name" : "霍林郭勒",
      "name_en" : "huolinguole",
      "code" : "CN101081108"
    },
    {
      "name" : "湖州",
      "name_en" : "huzhou",
      "code" : "CN101210201"
    }
  ],
  "W" : [
    {
      "name" : "万宁",
      "name_en" : "wanning",
      "code" : "CN101310215"
    },
    {
      "name" : "潍坊",
      "name_en" : "weifang",
      "code" : "CN101120601"
    },
    {
      "name" : "威海",
      "name_en" : "weihai",
      "code" : "CN101121301"
    },
    {
      "name" : "渭南",
      "name_en" : "weinan",
      "code" : "CN101110501"
    },
    {
      "name" : "文昌",
      "name_en" : "wenchang",
      "code" : "CN101310212"
    },
    {
      "name" : "文山",
      "name_en" : "wenshan",
      "code" : "CN101290601"
    },
    {
      "name" : "温州",
      "name_en" : "wenzhou",
      "code" : "CN101210701"
    },
    {
      "name" : "武都",
      "name_en" : "wudu",
      "code" : "CN101161001"
    },
    {
      "name" : "乌海",
      "name_en" : "wuhai",
      "code" : "CN101080301"
    },
    {
      "name" : "武汉",
      "name_en" : "wuhan",
      "code" : "CN101200101"
    },
    {
      "name" : "芜湖",
      "name_en" : "wuhu",
      "code" : "CN101220301"
    },
    {
      "name" : "乌兰浩特",
      "name_en" : "wulanhaote",
      "code" : "CN101081101"
    },
    {
      "name" : "乌鲁木齐",
      "name_en" : "wulumuqi",
      "code" : "CN101130101"
    },
    {
      "name" : "武威",
      "name_en" : "wuwei",
      "code" : "CN101160501"
    },
    {
      "name" : "无锡",
      "name_en" : "wuxi",
      "code" : "CN101190201"
    },
    {
      "name" : "五指山",
      "name_en" : "wuzhishan",
      "code" : "CN101310222"
    },
    {
      "name" : "吴忠",
      "name_en" : "wuzhong",
      "code" : "CN101170301"
    },
    {
      "name" : "梧州",
      "name_en" : "wuzhou",
      "code" : "CN101300601"
    }
  ],
  "J" : [
    {
      "name" : "佳木斯",
      "name_en" : "jiamusi",
      "code" : "CN101050401"
    },
    {
      "name" : "吉安",
      "name_en" : "jian",
      "code" : "CN101240601"
    },
    {
      "name" : "江门",
      "name_en" : "jiangmen",
      "code" : "CN101281101"
    },
    {
      "name" : "焦作",
      "name_en" : "jiaozuo",
      "code" : "CN101181101"
    },
    {
      "name" : "嘉兴",
      "name_en" : "jiaxing",
      "code" : "CN101210301"
    },
    {
      "name" : "嘉峪关",
      "name_en" : "jiayuguan",
      "code" : "CN101161401"
    },
    {
      "name" : "揭阳",
      "name_en" : "jieyang",
      "code" : "CN101281901"
    },
    {
      "name" : "吉林",
      "name_en" : "jilin",
      "code" : "CN101060201"
    },
    {
      "name" : "济南",
      "name_en" : "jinan",
      "code" : "CN101120101"
    },
    {
      "name" : "金昌",
      "name_en" : "jinchang",
      "code" : "CN101160601"
    },
    {
      "name" : "晋城",
      "name_en" : "jincheng",
      "code" : "CN101100601"
    },
    {
      "name" : "景德镇",
      "name_en" : "jingdezhen",
      "code" : "CN101240801"
    },
    {
      "name" : "景洪",
      "name_en" : "jinghong",
      "code" : "CN101291601"
    },
    {
      "name" : "荆门",
      "name_en" : "jingmen",
      "code" : "CN101201401"
    },
    {
      "name" : "荆州",
      "name_en" : "jingzhou",
      "code" : "CN101200801"
    },
    {
      "name" : "金华",
      "name_en" : "jinhua",
      "code" : "CN101210901"
    },
    {
      "name" : "集宁",
      "name_en" : "jining",
      "code" : "CN101080401"
    },
    {
      "name" : "济宁",
      "name_en" : "jining",
      "code" : "CN101120701"
    },
    {
      "name" : "晋中",
      "name_en" : "jinzhong",
      "code" : "CN101100401"
    },
    {
      "name" : "锦州",
      "name_en" : "jinzhou",
      "code" : "CN101070701"
    },
    {
      "name" : "吉首",
      "name_en" : "jishou",
      "code" : "CN101251501"
    },
    {
      "name" : "九江",
      "name_en" : "jiujiang",
      "code" : "CN101240201"
    },
    {
      "name" : "酒泉",
      "name_en" : "jiuquan",
      "code" : "CN101160801"
    },
    {
      "name" : "鸡西",
      "name_en" : "jixi",
      "code" : "CN101051101"
    },
    {
      "name" : "济源",
      "name_en" : "jiyuan",
      "code" : "CN101181801"
    }
  ],
  "X" : [
    {
      "name" : "厦门",
      "name_en" : "xiamen",
      "code" : "CN101230201"
    },
    {
      "name" : "西安",
      "name_en" : "xian",
      "code" : "CN101110101"
    },
    {
      "name" : "香格里拉",
      "name_en" : "xianggelila",
      "code" : "CN101291301"
    },
    {
      "name" : "湘潭",
      "name_en" : "xiangtan",
      "code" : "CN101250201"
    },
    {
      "name" : "襄阳",
      "name_en" : "xiangyang",
      "code" : "CN101200201"
    },
    {
      "name" : "咸宁",
      "name_en" : "xianning",
      "code" : "CN101200701"
    },
    {
      "name" : "仙桃",
      "name_en" : "xiantao",
      "code" : "CN101201601"
    },
    {
      "name" : "咸阳",
      "name_en" : "xianyang",
      "code" : "CN101110200"
    },
    {
      "name" : "孝感",
      "name_en" : "xiaogan",
      "code" : "CN101200401"
    },
    {
      "name" : "锡林浩特",
      "name_en" : "xilinhaote",
      "code" : "CN101080901"
    },
    {
      "name" : "邢台",
      "name_en" : "xingtai",
      "code" : "CN101090901"
    },
    {
      "name" : "兴义",
      "name_en" : "xingyi",
      "code" : "CN101260901"
    },
    {
      "name" : "西宁",
      "name_en" : "xining",
      "code" : "CN101150101"
    },
    {
      "name" : "新乡",
      "name_en" : "xinxiang",
      "code" : "CN101180301"
    },
    {
      "name" : "信阳",
      "name_en" : "xinyang",
      "code" : "CN101180601"
    },
    {
      "name" : "新余",
      "name_en" : "xinyu",
      "code" : "CN101241001"
    },
    {
      "name" : "忻州",
      "name_en" : "xinzhou",
      "code" : "CN101101001"
    },
    {
      "name" : "西沙",
      "name_en" : "xisha",
      "code" : "CN101310217"
    },
    {
      "name" : "宣城",
      "name_en" : "xuancheng",
      "code" : "CN101221401"
    },
    {
      "name" : "许昌",
      "name_en" : "xuchang",
      "code" : "CN101180401"
    },
    {
      "name" : "徐州",
      "name_en" : "xuzhou",
      "code" : "CN101190801"
    }
  ],
  "K" : [
    {
      "name" : "开封",
      "name_en" : "kaifeng",
      "code" : "CN101180801"
    },
    {
      "name" : "凯里",
      "name_en" : "kaili",
      "code" : "CN101260501"
    },
    {
      "name" : "喀什",
      "name_en" : "kashi",
      "code" : "CN101130901"
    },
    {
      "name" : "克拉玛依",
      "name_en" : "kelamayi",
      "code" : "CN101130201"
    },
    {
      "name" : "科右前旗",
      "name_en" : "keyouqianqi",
      "code" : "CN101081109"
    },
    {
      "name" : "库尔勒",
      "name_en" : "kuerle",
      "code" : "CN101130601"
    },
    {
      "name" : "昆明",
      "name_en" : "kunming",
      "code" : "CN101290101"
    }
  ],
  "Y" : [
    {
      "name" : "雅安",
      "name_en" : "yaan",
      "code" : "CN101271701"
    },
    {
      "name" : "延安",
      "name_en" : "yanan",
      "code" : "CN101110300"
    },
    {
      "name" : "盐城",
      "name_en" : "yancheng",
      "code" : "CN101190701"
    },
    {
      "name" : "阳江",
      "name_en" : "yangjiang",
      "code" : "CN101281801"
    },
    {
      "name" : "杨凌",
      "name_en" : "yangling",
      "code" : "CN101111101"
    },
    {
      "name" : "阳泉",
      "name_en" : "yangquan",
      "code" : "CN101100301"
    },
    {
      "name" : "扬州",
      "name_en" : "yangzhou",
      "code" : "CN101190601"
    },
    {
      "name" : "延吉",
      "name_en" : "yanji",
      "code" : "CN101060301"
    },
    {
      "name" : "烟台",
      "name_en" : "yantai",
      "code" : "CN101120501"
    },
    {
      "name" : "宜宾",
      "name_en" : "yibin",
      "code" : "CN101271101"
    },
    {
      "name" : "宜昌",
      "name_en" : "yichang",
      "code" : "CN101200901"
    },
    {
      "name" : "伊春",
      "name_en" : "yichun",
      "code" : "CN101050801"
    },
    {
      "name" : "宜春",
      "name_en" : "yichun",
      "code" : "CN101240501"
    },
    {
      "name" : "银川",
      "name_en" : "yinchuan",
      "code" : "CN101170101"
    },
    {
      "name" : "营口",
      "name_en" : "yingkou",
      "code" : "CN101070801"
    },
    {
      "name" : "鹰潭",
      "name_en" : "yingtan",
      "code" : "CN101241101"
    },
    {
      "name" : "伊宁",
      "name_en" : "yining",
      "code" : "CN101131001"
    },
    {
      "name" : "益阳",
      "name_en" : "yiyang",
      "code" : "CN101250700"
    },
    {
      "name" : "永州",
      "name_en" : "yongzhou",
      "code" : "CN101251401"
    },
    {
      "name" : "岳阳",
      "name_en" : "yueyang",
      "code" : "CN101251001"
    },
    {
      "name" : "榆林",
      "name_en" : "yulin",
      "code" : "CN101110401"
    },
    {
      "name" : "玉林",
      "name_en" : "yulin",
      "code" : "CN101300901"
    },
    {
      "name" : "运城",
      "name_en" : "yuncheng",
      "code" : "CN101100801"
    },
    {
      "name" : "云浮",
      "name_en" : "yunfu",
      "code" : "CN101281401"
    },
    {
      "name" : "玉树",
      "name_en" : "yushu",
      "code" : "CN101150601"
    },
    {
      "name" : "玉溪",
      "name_en" : "yuxi",
      "code" : "CN101290701"
    }
  ],
  "L" : [
    {
      "name" : "来宾",
      "name_en" : "laibin",
      "code" : "CN101300401"
    },
    {
      "name" : "莱芜",
      "name_en" : "laiwu",
      "code" : "CN101121601"
    },
    {
      "name" : "廊坊",
      "name_en" : "langfang",
      "code" : "CN101090601"
    },
    {
      "name" : "兰州",
      "name_en" : "lanzhou",
      "code" : "CN101160101"
    },
    {
      "name" : "拉萨",
      "name_en" : "lasa",
      "code" : "CN101140101"
    },
    {
      "name" : "乐东",
      "name_en" : "ledong",
      "code" : "CN101310221"
    },
    {
      "name" : "乐山",
      "name_en" : "leshan",
      "code" : "CN101271401"
    },
    {
      "name" : "凉山",
      "name_en" : "liangshan",
      "code" : "CN101271601"
    },
    {
      "name" : "连云港",
      "name_en" : "lianyungang",
      "code" : "CN101191001"
    },
    {
      "name" : "聊城",
      "name_en" : "liaocheng",
      "code" : "CN101121701"
    },
    {
      "name" : "辽阳",
      "name_en" : "liaoyang",
      "code" : "CN101071001"
    },
    {
      "name" : "辽源",
      "name_en" : "liaoyuan",
      "code" : "CN101060701"
    },
    {
      "name" : "丽江",
      "name_en" : "lijiang",
      "code" : "CN101291401"
    },
    {
      "name" : "临沧",
      "name_en" : "lincang",
      "code" : "CN101291101"
    },
    {
      "name" : "临汾",
      "name_en" : "linfen",
      "code" : "CN101100701"
    },
    {
      "name" : "临高",
      "name_en" : "lingao",
      "code" : "CN101310203"
    },
    {
      "name" : "陵水",
      "name_en" : "lingshui",
      "code" : "CN101310216"
    },
    {
      "name" : "临河",
      "name_en" : "linhe",
      "code" : "CN101080801"
    },
    {
      "name" : "临夏",
      "name_en" : "linxia",
      "code" : "CN101161101"
    },
    {
      "name" : "临沂",
      "name_en" : "linyi",
      "code" : "CN101120901"
    },
    {
      "name" : "林芝",
      "name_en" : "linzhi",
      "code" : "CN101140401"
    },
    {
      "name" : "丽水",
      "name_en" : "lishui",
      "code" : "CN101210801"
    },
    {
      "name" : "柳州",
      "name_en" : "liuzhou",
      "code" : "CN101300301"
    },
    {
      "name" : "龙岩",
      "name_en" : "longyan",
      "code" : "CN101230701"
    },
    {
      "name" : "娄底",
      "name_en" : "loudi",
      "code" : "CN101250801"
    },
    {
      "name" : "六安",
      "name_en" : "luan",
      "code" : "CN101221501"
    },
    {
      "name" : "漯河",
      "name_en" : "luohe",
      "code" : "CN101181501"
    },
    {
      "name" : "洛阳",
      "name_en" : "luoyang",
      "code" : "CN101180901"
    },
    {
      "name" : "泸州",
      "name_en" : "luzhou",
      "code" : "CN101271001"
    },
    {
      "name" : "吕梁",
      "name_en" : "lvliang",
      "code" : "CN101101100"
    }
  ],
  "M" : [
    {
      "name" : "马鞍山",
      "name_en" : "maanshan",
      "code" : "CN101220501"
    },
    {
      "name" : "澳门",
      "name_en" : "macao",
      "code" : "CN101330101"
    },
    {
      "name" : "茂名",
      "name_en" : "maoming",
      "code" : "CN101282001"
    },
    {
      "name" : "眉山",
      "name_en" : "meishan",
      "code" : "CN101271501"
    },
    {
      "name" : "梅州",
      "name_en" : "meizhou",
      "code" : "CN101280401"
    },
    {
      "name" : "绵阳",
      "name_en" : "mianyang",
      "code" : "CN101270401"
    },
    {
      "name" : "牡丹江",
      "name_en" : "mudanjiang",
      "code" : "CN101050301"
    }
  ],
  "N" : [
    {
      "name" : "南昌",
      "name_en" : "nanchang",
      "code" : "CN101240101"
    },
    {
      "name" : "南充",
      "name_en" : "nanchong",
      "code" : "CN101270501"
    },
    {
      "name" : "南京",
      "name_en" : "nanjing",
      "code" : "CN101190101"
    },
    {
      "name" : "南宁",
      "name_en" : "nanning",
      "code" : "CN101300101"
    },
    {
      "name" : "南平",
      "name_en" : "nanping",
      "code" : "CN101230901"
    },
    {
      "name" : "南沙",
      "name_en" : "nansha",
      "code" : "CN101310220"
    },
    {
      "name" : "南通",
      "name_en" : "nantong",
      "code" : "CN101190501"
    },
    {
      "name" : "南阳",
      "name_en" : "nanyang",
      "code" : "CN101180701"
    },
    {
      "name" : "南子岛",
      "name_en" : "nanzidao",
      "code" : "CN101310230"
    },
    {
      "name" : "那曲",
      "name_en" : "naqu",
      "code" : "CN101140601"
    },
    {
      "name" : "内江",
      "name_en" : "neijiang",
      "code" : "CN101271201"
    },
    {
      "name" : "宁波",
      "name_en" : "ningbo",
      "code" : "CN101210401"
    },
    {
      "name" : "宁德",
      "name_en" : "ningde",
      "code" : "CN101230301"
    },
    {
      "name" : "怒江",
      "name_en" : "nujiang",
      "code" : "CN101291201"
    }
  ],
  "A" : [
    {
      "name" : "阿坝",
      "name_en" : "aba",
      "code" : "CN101271901"
    },
    {
      "name" : "阿克苏",
      "name_en" : "akesu",
      "code" : "CN101130801"
    },
    {
      "name" : "阿拉尔",
      "name_en" : "alaer",
      "code" : "CN101130701"
    },
    {
      "name" : "阿勒泰",
      "name_en" : "aletai",
      "code" : "CN101131401"
    },
    {
      "name" : "阿里",
      "name_en" : "ali",
      "code" : "CN101140701"
    },
    {
      "name" : "安康",
      "name_en" : "ankang",
      "code" : "CN101110701"
    },
    {
      "name" : "安庆",
      "name_en" : "anqing",
      "code" : "CN101220601"
    },
    {
      "name" : "鞍山",
      "name_en" : "anshan",
      "code" : "CN101070301"
    },
    {
      "name" : "安顺",
      "name_en" : "anshun",
      "code" : "CN101260301"
    },
    {
      "name" : "安阳",
      "name_en" : "anyang",
      "code" : "CN101180201"
    },
    {
      "name" : "阿图什",
      "name_en" : "atushi",
      "code" : "CN101131501"
    },
    {
      "name" : "阿左旗",
      "name_en" : "azuoqi",
      "code" : "CN101081201"
    }
  ],
  "B" : [
    {
      "name" : "白城",
      "name_en" : "baicheng",
      "code" : "CN101060601"
    },
    {
      "name" : "百色",
      "name_en" : "baise",
      "code" : "CN101301001"
    },
    {
      "name" : "白沙",
      "name_en" : "baisha",
      "code" : "CN101310207"
    },
    {
      "name" : "白山",
      "name_en" : "baishan",
      "code" : "CN101060901"
    },
    {
      "name" : "白银",
      "name_en" : "baiyin",
      "code" : "CN101161301"
    },
    {
      "name" : "保定",
      "name_en" : "baoding",
      "code" : "CN101090201"
    },
    {
      "name" : "宝鸡",
      "name_en" : "baoji",
      "code" : "CN101110901"
    },
    {
      "name" : "保山",
      "name_en" : "baoshan",
      "code" : "CN101290501"
    },
    {
      "name" : "保亭",
      "name_en" : "baoting",
      "code" : "CN101310214"
    },
    {
      "name" : "包头",
      "name_en" : "baotou",
      "code" : "CN101080201"
    },
    {
      "name" : "巴雅尔吐胡硕",
      "name_en" : "bayaertuhushuo",
      "code" : "CN101080511"
    },
    {
      "name" : "巴中",
      "name_en" : "bazhong",
      "code" : "CN101270901"
    },
    {
      "name" : "北海",
      "name_en" : "beihai",
      "code" : "CN101301301"
    },
    {
      "name" : "北京",
      "name_en" : "beijing",
      "code" : "CN101010100"
    },
    {
      "name" : "蚌埠",
      "name_en" : "bengbu",
      "code" : "CN101220201"
    },
    {
      "name" : "本溪",
      "name_en" : "benxi",
      "code" : "CN101070501"
    },
    {
      "name" : "毕节",
      "name_en" : "bijie",
      "code" : "CN101260701"
    },
    {
      "name" : "滨州",
      "name_en" : "binzhou",
      "code" : "CN101121101"
    },
    {
      "name" : "博乐",
      "name_en" : "bole",
      "code" : "CN101131601"
    },
    {
      "name" : "亳州",
      "name_en" : "bozhou",
      "code" : "CN101220901"
    }
  ],
  "P" : [
    {
      "name" : "盘锦",
      "name_en" : "panjin",
      "code" : "CN101071301"
    },
    {
      "name" : "攀枝花",
      "name_en" : "panzhihua",
      "code" : "CN101270201"
    },
    {
      "name" : "平顶山",
      "name_en" : "pingdingshan",
      "code" : "CN101180501"
    },
    {
      "name" : "平凉",
      "name_en" : "pingliang",
      "code" : "CN101160301"
    },
    {
      "name" : "萍乡",
      "name_en" : "pingxiang",
      "code" : "CN101240901"
    },
    {
      "name" : "普洱",
      "name_en" : "puer",
      "code" : "CN101290901"
    },
    {
      "name" : "莆田",
      "name_en" : "putian",
      "code" : "CN101230401"
    },
    {
      "name" : "濮阳",
      "name_en" : "puyang",
      "code" : "CN101181301"
    }
  ],
  "C" : [
    {
      "name" : "沧州",
      "name_en" : "cangzhou",
      "code" : "CN101090701"
    },
    {
      "name" : "长春",
      "name_en" : "changchun",
      "code" : "CN101060101"
    },
    {
      "name" : "常德",
      "name_en" : "changde",
      "code" : "CN101250601"
    },
    {
      "name" : "昌都",
      "name_en" : "changdu",
      "code" : "CN101140501"
    },
    {
      "name" : "昌吉",
      "name_en" : "changji",
      "code" : "CN101130401"
    },
    {
      "name" : "昌江",
      "name_en" : "changjiang",
      "code" : "CN101310206"
    },
    {
      "name" : "长沙",
      "name_en" : "changsha",
      "code" : "CN101250101"
    },
    {
      "name" : "长治",
      "name_en" : "changzhi",
      "code" : "CN101100501"
    },
    {
      "name" : "常州",
      "name_en" : "changzhou",
      "code" : "CN101191101"
    },
    {
      "name" : "朝阳",
      "name_en" : "chaoyang",
      "code" : "CN101071201"
    },
    {
      "name" : "潮州",
      "name_en" : "chaozhou",
      "code" : "CN101281501"
    },
    {
      "name" : "承德",
      "name_en" : "chengde",
      "code" : "CN101090402"
    },
    {
      "name" : "成都",
      "name_en" : "chengdu",
      "code" : "CN101270101"
    },
    {
      "name" : "澄迈",
      "name_en" : "chengmai",
      "code" : "CN101310204"
    },
    {
      "name" : "郴州",
      "name_en" : "chenzhou",
      "code" : "CN101250501"
    },
    {
      "name" : "赤峰",
      "name_en" : "chifeng",
      "code" : "CN101080601"
    },
    {
      "name" : "池州",
      "name_en" : "chizhou",
      "code" : "CN101221701"
    },
    {
      "name" : "重庆",
      "name_en" : "chongqing",
      "code" : "CN101040100"
    },
    {
      "name" : "崇左",
      "name_en" : "chongzuo",
      "code" : "CN101300201"
    },
    {
      "name" : "楚雄",
      "name_en" : "chuxiong",
      "code" : "CN101290801"
    },
    {
      "name" : "滁州",
      "name_en" : "chuzhou",
      "code" : "CN101221101"
    }
  ],
  "Q" : [
    {
      "name" : "潜江",
      "name_en" : "qianjiang",
      "code" : "CN101201701"
    },
    {
      "name" : "青岛",
      "name_en" : "qingdao",
      "code" : "CN101120201"
    },
    {
      "name" : "庆阳",
      "name_en" : "qingyang",
      "code" : "CN101160401"
    },
    {
      "name" : "清远",
      "name_en" : "qingyuan",
      "code" : "CN101281301"
    },
    {
      "name" : "秦皇岛",
      "name_en" : "qinhuangdao",
      "code" : "CN101091101"
    },
    {
      "name" : "钦州",
      "name_en" : "qinzhou",
      "code" : "CN101301101"
    },
    {
      "name" : "琼海",
      "name_en" : "qionghai",
      "code" : "CN101310211"
    },
    {
      "name" : "琼中",
      "name_en" : "qiongzhong",
      "code" : "CN101310208"
    },
    {
      "name" : "齐齐哈尔",
      "name_en" : "qiqihaer",
      "code" : "CN101050201"
    },
    {
      "name" : "七台河",
      "name_en" : "qitaihe",
      "code" : "CN101051002"
    },
    {
      "name" : "泉州",
      "name_en" : "quanzhou",
      "code" : "CN101230501"
    },
    {
      "name" : "曲靖",
      "name_en" : "qujing",
      "code" : "CN101290401"
    },
    {
      "name" : "衢州",
      "name_en" : "quzhou",
      "code" : "CN101211001"
    }
  ],
  "D" : [
    {
      "name" : "大理",
      "name_en" : "dali",
      "code" : "CN101290201"
    },
    {
      "name" : "大连",
      "name_en" : "dalian",
      "code" : "CN101070201"
    },
    {
      "name" : "丹东",
      "name_en" : "dandong",
      "code" : "CN101070601"
    },
    {
      "name" : "儋州",
      "name_en" : "danzhou",
      "code" : "CN101310205"
    },
    {
      "name" : "大庆",
      "name_en" : "daqing",
      "code" : "CN101050901"
    },
    {
      "name" : "大同",
      "name_en" : "datong",
      "code" : "CN101100201"
    },
    {
      "name" : "大兴安岭",
      "name_en" : "daxinganling",
      "code" : "CN101050701"
    },
    {
      "name" : "达州",
      "name_en" : "dazhou",
      "code" : "CN101270601"
    },
    {
      "name" : "德宏",
      "name_en" : "dehong",
      "code" : "CN101291501"
    },
    {
      "name" : "德阳",
      "name_en" : "deyang",
      "code" : "CN101272001"
    },
    {
      "name" : "德州",
      "name_en" : "dezhou",
      "code" : "CN101120401"
    },
    {
      "name" : "钓鱼岛",
      "name_en" : "diaoyudao",
      "code" : "CN101231001"
    },
    {
      "name" : "定安",
      "name_en" : "dingan",
      "code" : "CN101310209"
    },
    {
      "name" : "定西",
      "name_en" : "dingxi",
      "code" : "CN101160201"
    },
    {
      "name" : "东方",
      "name_en" : "dongfang",
      "code" : "CN101310202"
    },
    {
      "name" : "东莞",
      "name_en" : "dongguan",
      "code" : "CN101281601"
    },
    {
      "name" : "东营",
      "name_en" : "dongying",
      "code" : "CN101121201"
    },
    {
      "name" : "都匀",
      "name_en" : "duyun",
      "code" : "CN101260401"
    }
  ],
  "R" : [
    {
      "name" : "日喀则",
      "name_en" : "rikaze",
      "code" : "CN101140201"
    },
    {
      "name" : "日照",
      "name_en" : "rizhao",
      "code" : "CN101121501"
    }
  ],
  "E" : [
    {
      "name" : "鄂尔多斯",
      "name_en" : "eerduosi",
      "code" : "CN101080701"
    },
    {
      "name" : "恩施",
      "name_en" : "enshi",
      "code" : "CN101201001"
    },
    {
      "name" : "鄂州",
      "name_en" : "ezhou",
      "code" : "CN101200301"
    }
  ],
  "S" : [
    {
      "name" : "三门峡",
      "name_en" : "sanmenxia",
      "code" : "CN101181701"
    },
    {
      "name" : "三明",
      "name_en" : "sanming",
      "code" : "CN101230801"
    },
    {
      "name" : "三亚",
      "name_en" : "sanya",
      "code" : "CN101310201"
    },
    {
      "name" : "上海",
      "name_en" : "shanghai",
      "code" : "CN101020100"
    },
    {
      "name" : "商洛",
      "name_en" : "shangluo",
      "code" : "CN101110601"
    },
    {
      "name" : "商丘",
      "name_en" : "shangqiu",
      "code" : "CN101181001"
    },
    {
      "name" : "上饶",
      "name_en" : "shangrao",
      "code" : "CN101240301"
    },
    {
      "name" : "山南",
      "name_en" : "shannan",
      "code" : "CN101140301"
    },
    {
      "name" : "汕头",
      "name_en" : "shantou",
      "code" : "CN101280501"
    },
    {
      "name" : "汕尾",
      "name_en" : "shanwei",
      "code" : "CN101282101"
    },
    {
      "name" : "韶关",
      "name_en" : "shaoguan",
      "code" : "CN101280201"
    },
    {
      "name" : "绍兴",
      "name_en" : "shaoxing",
      "code" : "CN101210501"
    },
    {
      "name" : "邵阳",
      "name_en" : "shaoyang",
      "code" : "CN101250901"
    },
    {
      "name" : "沙市",
      "name_en" : "shashi",
      "code" : "CN101201406"
    },
    {
      "name" : "神农架",
      "name_en" : "shennongjia",
      "code" : "CN101201201"
    },
    {
      "name" : "沈阳",
      "name_en" : "shenyang",
      "code" : "CN101070101"
    },
    {
      "name" : "深圳",
      "name_en" : "shenzhen",
      "code" : "CN101280601"
    },
    {
      "name" : "石河子",
      "name_en" : "shihezi",
      "code" : "CN101130301"
    },
    {
      "name" : "石家庄",
      "name_en" : "shijiazhuang",
      "code" : "CN101090101"
    },
    {
      "name" : "十堰",
      "name_en" : "shiyan",
      "code" : "CN101201101"
    },
    {
      "name" : "石嘴山",
      "name_en" : "shizuishan",
      "code" : "CN101170201"
    },
    {
      "name" : "双鸭山",
      "name_en" : "shuangyashan",
      "code" : "CN101051301"
    },
    {
      "name" : "水城",
      "name_en" : "shuicheng",
      "code" : "CN101260801"
    },
    {
      "name" : "朔州",
      "name_en" : "shuozhou",
      "code" : "CN101100901"
    },
    {
      "name" : "四平",
      "name_en" : "siping",
      "code" : "CN101060401"
    },
    {
      "name" : "松原",
      "name_en" : "songyuan",
      "code" : "CN101060801"
    },
    {
      "name" : "绥化",
      "name_en" : "suihua",
      "code" : "CN101050501"
    },
    {
      "name" : "遂宁",
      "name_en" : "suining",
      "code" : "CN101270701"
    },
    {
      "name" : "随州",
      "name_en" : "suizhou",
      "code" : "CN101201301"
    },
    {
      "name" : "宿迁",
      "name_en" : "suqian",
      "code" : "CN101191301"
    },
    {
      "name" : "苏州",
      "name_en" : "suzhou",
      "code" : "CN101190401"
    },
    {
      "name" : "宿州",
      "name_en" : "suzhou",
      "code" : "CN101220701"
    }
  ],
  "F" : [
    {
      "name" : "防城港",
      "name_en" : "fangchenggang",
      "code" : "CN101301401"
    },
    {
      "name" : "佛山",
      "name_en" : "foshan",
      "code" : "CN101280800"
    },
    {
      "name" : "抚顺",
      "name_en" : "fushun",
      "code" : "CN101070401"
    },
    {
      "name" : "阜新",
      "name_en" : "fuxin",
      "code" : "CN101070901"
    },
    {
      "name" : "阜阳",
      "name_en" : "fuyang",
      "code" : "CN101220801"
    },
    {
      "name" : "福州",
      "name_en" : "fuzhou",
      "code" : "CN101230101"
    },
    {
      "name" : "抚州",
      "name_en" : "fuzhou",
      "code" : "CN101240401"
    }
  ],
  "T" : [
    {
      "name" : "塔城",
      "name_en" : "tacheng",
      "code" : "CN101131101"
    },
    {
      "name" : "泰安",
      "name_en" : "taian",
      "code" : "CN101120801"
    },
    {
      "name" : "台北",
      "name_en" : "taibeixian",
      "code" : "CN101340101"
    },
    {
      "name" : "太原",
      "name_en" : "taiyuan",
      "code" : "CN101100101"
    },
    {
      "name" : "台中",
      "name_en" : "taizhong",
      "code" : "CN101340401"
    },
    {
      "name" : "泰州",
      "name_en" : "taizhou",
      "code" : "CN101191201"
    },
    {
      "name" : "台州",
      "name_en" : "taizhou",
      "code" : "CN101210601"
    },
    {
      "name" : "唐山",
      "name_en" : "tangshan",
      "code" : "CN101090501"
    },
    {
      "name" : "天津",
      "name_en" : "tianjin",
      "code" : "CN101030100"
    },
    {
      "name" : "天门",
      "name_en" : "tianmen",
      "code" : "CN101201501"
    },
    {
      "name" : "天水",
      "name_en" : "tianshui",
      "code" : "CN101160901"
    },
    {
      "name" : "铁岭",
      "name_en" : "tieling",
      "code" : "CN101071101"
    },
    {
      "name" : "铜川",
      "name_en" : "tongchuan",
      "code" : "CN101111001"
    },
    {
      "name" : "通化",
      "name_en" : "tonghua",
      "code" : "CN101060501"
    },
    {
      "name" : "通辽",
      "name_en" : "tongliao",
      "code" : "CN101080501"
    },
    {
      "name" : "铜陵",
      "name_en" : "tongling",
      "code" : "CN101221301"
    },
    {
      "name" : "铜仁",
      "name_en" : "tongren",
      "code" : "CN101260601"
    },
    {
      "name" : "吐鲁番",
      "name_en" : "tulufan",
      "code" : "CN101130501"
    },
    {
      "name" : "屯昌",
      "name_en" : "tunchang",
      "code" : "CN101310210"
    }
  ]
}