<!-- Basic astrological data for C's and J's signs -->
<?xml-stylesheet type="text/xsl" href="astro.xsl"?>
<?xml-stylesheet2 type="text/xsl" href="astro.xsl"?>
<p xmlns:xlink="http://www.w3.org/1999/xlink"
    xlink:type="simple"
    xlink:href="http://www.baidu.com">
    <person name="John">
        <student name="John"/>
        <student name="Connie"/>
        <student name="Cindy"/>
        <student name="Mike"/>
    </person>
    <!-- 注射剂 -->
    <person name="AAA">
        <child>111</child>
        <student name="AAA" age="2" ID='1'/>
        <student name="BBB" age="3" class='1'/>
        <worker name="DDD" age="4"/>
    </person>
    <person name="AAA">
        <child name="AAA" age="11"/>
        <student name="AAA"/>
        <student name="AAA" age="33"/>
        <nurse name="DDD" age="44"/>
    </person>
</p>
